source,pkt_len_1,pkt_len_2,pkt_len_3,pkt_len_4,pkt_len_5,pkt_len_6,pkt_len_7,pkt_len_8,pkt_len_9,pkt_len_10,pkt_dir_1,pkt_dir_2,pkt_dir_3,pkt_dir_4,pkt_dir_5,pkt_dir_6,pkt_dir_7,pkt_dir_8,pkt_dir_9,pkt_dir_10,up_down_ratio,pkt_len_mean,pkt_len_std,pkt_len_entropy,kl_divergence,js_divergence,first_10_lengths
baseline-no-padding,768,90,90,768,192,128,128,128,768,90,1,-1,1,-1,1,-1,1,-1,1,-1,1.0,428.51,312.97,2.7955,,,768;90;90;768;192;128;128;128;768;90
mode-fixed-mtu,1400,1400,1400,512,1400,1400,1400,300,512,1400,1,-1,1,-1,1,-1,1,-1,1,-1,1.0,1220.24,384.0,0.8655,24.577602,0.612268,1400;1400;1400;512;1400;1400;1400;300;512;1400
mode-random-range,1082,1347,910,976,1210,1168,958,1410,1362,1088,1,-1,1,-1,1,-1,1,-1,1,-1,1.0,1123.74,189.56,5.9256,23.290952,0.676293,1082;1347;910;976;1210;1168;958;1410;1362;1088
mode-gaussian,978,1137,1363,1264,1325,1191,1031,1189,988,1404,1,-1,1,-1,1,-1,1,-1,1,-1,1.0,1162.32,130.17,5.4598,23.497397,0.67052,978;1137;1363;1264;1325;1191;1031;1189;988;1404
